ad_id,ad_name,account,spend,impressions,clicks,link_clicks
120220580688910151,VIDEO - Hyp 90.4 - IT 1,ACC2,759.72,60998,673,343
120220914503350151,VIDEO - Hyp 90.6 - IT 1,ACC2,632.76,36964,372,183
120221473022510151,VIDEO - Hyp 97 - IT 1,ACC2,3706.03,257612,3218,1664
120222065647820151,VIDEO - Hyp 101 - IT 2,ACC2,380.92,25050,383,221
120222576543620151,VIDEO - Hyp 95 - IT 1,ACC2,1601.7,86365,858,421
120223246113430151,VIDEO - Hyp 94 - IT 2,ACC2,2513.98,178072,1606,861
120223246352000151,VIDEO - Hyp 94 - IT 1,ACC2,290.98,12459,151,83
120223364081370151,VIDEO - Hyp 30 OFF - IT 1,ACC2,202.71,11819,80,56
120224723081310151,VIDEO - Hyp Spring Special Deal - IT 1,ACC2,309.74,12799,96,56
120224723444210151,VIDEO - Hyp 97.1 - IT 1,ACC2,1310.45,77799,817,479
120224723474210151,VIDEO - Hyp 97.1 - IT 2,ACC2,254.88,11507,141,67
120225098918250151,VIDEO - Hyp 70 - IT 1,ACC2,1016.34,65096,1007,450
120225098929530151,VIDEO - Hyp 70 - IT 2,ACC2,3410.33,121711,1689,887
120225244134890151,VIDEO - Hyp 90.4 - IT 1,ACC2,106.24,4750,37,26
120225244134930151,VIDEO - Hyp 90.4 - IT 2,ACC2,124.96,5988,36,22
120225245813510151,VIDEO - Hyp 94 - IT 2,ACC2,188.71,6919,42,22
120225245813520151,VIDEO - Hyp 94 - IT 1,ACC2,163.07,5375,47,31
120225245835100151,VIDEO - Hyp 68.4 - IT 2,ACC2,138.51,7289,62,42
120225245835110151,VIDEO - Hyp 68.4 - IT 1,ACC2,170.07,9882,85,55
120225246025290151,VIDEO - Hyp 90.4 - IT 1,ACC2,363.05,15618,131,84
120225246025300151,VIDEO - Hyp 90.4 - IT 2,ACC2,103.78,3731,29,20
120225246098540151,VIDEO - Hyp 94 - IT 2,ACC2,129.01,7841,40,24
120225246098550151,VIDEO - Hyp 94 - IT 1,ACC2,106.03,5072,35,26
120225250064100151,VIDEO - Hyp 97 - IT 1,ACC2,1605.28,73878,917,504
120225250064110151,VIDEO - Hyp 97 - IT 2,ACC2,171.61,7045,96,41
120225369286390151,VIDEO - Hyp 108.2 - IT 1,ACC2,1111.75,45245,520,325
120225431891590151,VIDEO - Hyp 108.2 - IT 1,ACC2,45.29,3439,17,12
120225475090040151,VIDEO - Hyp 103.2 - IT 1,ACC2,245.97,9142,89,49
120225475139850151,VIDEO - Hyp 97.2 - IT 1,ACC2,428.52,18113,177,117
120225526508640151,IMAGE - Hyp 100 - IT 1,ACC2,330.56,11574,94,47
120225526538890151,IMAGE - Hyp 105 - IT 3,ACC2,364.94,16400,120,68
120225608882100151,VIDEO - Hyp 101 - IT 1,ACC2,145.8,5984,65,45
120225765454270151,VIDEO - Hyp 68.5 - IT 1,ACC2,1519.34,65366,728,435
120225765594010151,VIDEO - Hyp 68.5 - IT 2,ACC2,110.64,4123,35,25
120226026097690151,VIDEO - Hyp 73 - IT 1,ACC2,104.94,3948,39,27
120226027703940151,VIDEO - Hyp 73 - IT 2,ACC2,221.5,9692,69,42
120226027785680151,VIDEO - Hyp 73 - IT 3,ACC2,162.3,8514,57,27
120226027820810151,VIDEO - Hyp 73 - IT 4,ACC2,368.51,13885,113,63
120226402245070151,VIDEO - Hyp 97.3 - IT 1,ACC2,131.73,6091,39,23
120226402423090151,VIDEO - Hyp 102 - IT 1,ACC2,170.68,5915,65,38
120226630093650151,VIDEO - Hyp 73 - IT 1,ACC2,146.3,6357,70,38
120226839021900151,VIDEO - Hyp 39.3 - IT 1,ACC2,428.13,21198,197,134
120227795805260151,VIDEO - Hyp 97.2 - IT 2,ACC2,955.53,40723,435,279
120227795817060151,VIDEO - Hyp 92 - IT 3,ACC2,3230.46,122979,1642,965
120227901841910151,VIDEO - Hyp 94.1 - IT 2,ACC2,1189.35,50212,482,314
120229068552500151,VIDEO - Hyp 94.1 - IT 2,ACC2,697.05,39973,346,201
120229069257480151,VIDEO - Hyp 94.1 - IT 3,ACC2,634.09,34514,385,212
120229069570880151,VIDEO - Hyp 102.1 - IT 4,ACC2,553.2,24820,278,155
120229071249340151,VIDEO - Hyp 68.6 - IT 2,ACC2,1236.49,56249,749,462
120229071669610151,VIDEO - Hyp 68.6 - IT 3,ACC2,475.58,24127,331,223
120229615996010151,VIDEO - Hyp 68.6 - IT 1,ACC2,557.86,24473,313,200
120230258658900151,IMAGE - Hyp 0 Down - IT 1,ACC2,1081.99,71747,642,302
120230406496840151,VIDEO - Hyp 112 - IT 2,ACC2,1539.5,65749,719,464
120230407513500151,VIDEO - Hyp 94.1 - IT 3,ACC2,755.96,33785,363,208
120230410047690151,VIDEO - Hyp 70 - IT 1,ACC2,726.29,33583,439,223
120230410433690151,VIDEO - Hyp 70.1 - IT 1,ACC2,200.09,11472,114,59
120231664660010151,IMAGE - Hyp 0 Down - IT 2,ACC2,1006.98,53017,480,257
120231788694070151,VIDEO - Hyp 70.1 - IT 1,ACC2,648.16,24402,257,137
120231788745630151,VIDEO - Hyp 112.1 - IT 2,ACC2,113.8,4464,50,29
120231788834280151,VIDEO - Hyp 112.2 - IT 3,ACC2,1100.89,55181,476,275
120231914634540151,VIDEO - Hyp 70.1 - IT 2,ACC2,791.02,26278,269,167
120231916191660151,VIDEO - Hyp 112.2 - IT 3,ACC2,285.13,10565,126,89
120231964629710151,VIDEO - Hyp 112.2 - IT 1,ACC2,70.88,2685,20,13
120231964777890151,VIDEO - Hyp 53.3 - IT 1,ACC2,773.5,33282,373,200
120232146534750151,IMAGE - Hyp 0 Down - IT 2,ACC2,483.34,20249,194,115
120232456894010151,VIDEO - Hyp 112.1 - IT 3,ACC2,2364.09,83292,1040,676
120232456969020151,VIDEO - Hyp 112 - IT 2,ACC2,5549.16,285026,3854,2678
120232973695460151,VIDEO - Hyp 112 - IT 1,ACC2,189.91,10112,84,53
120232973848370151,VIDEO - Hyp 94.3 - IT 1,ACC2,246.64,12158,112,61
120232973921240151,VIDEO - Hyp 70.1 - IT 3,ACC2,453.68,17894,197,136
120233093248420151,IMAGE - Hyp 114 - IT 2,ACC2,137.29,5170,39,28
120233093430860151,VIDEO - Hyp 94.2 - IT 2,ACC2,311.44,17365,130,87
120233231392800151,VIDEO - Hyp 116 - IT 1,ACC2,271.94,10112,98,60
120233352007070151,IMAGE - Hyp 111 - IT 5,ACC2,52.71,1826,21,16
120233352068400151,IMAGE - Hyp 100.1 - IT 1,ACC2,75.64,3812,41,22
120233352087950151,IMAGE - Hyp 100.1 - IT 5,ACC2,305.04,16586,160,99
120233352209990151,IMAGE - Hyp 111.1 - IT 3,ACC2,1221.79,79108,747,369
120233411674250151,VIDEO - Hyp 94.3 - IT 4,ACC2,1054.67,63170,477,286
120233411674260151,IMAGE - Hyp 100.1 - IT 1,ACC2,96.91,4220,41,24
120233411674270151,VIDEO - Hyp 112.2 - IT 3,ACC2,664.4,35034,354,198
120233411674660151,IMAGE - Hyp 111 - IT 5,ACC2,659.8,35297,298,159
120233411880590151,IMAGE - Hyp 0 Down - IT 4,ACC2,1101.9,70587,755,297
120234332051830151,VIDEO - Hyp 70.3 - IT 3,ACC2,73.07,3097,43,25
120234332244240151,VIDEO - Hyp 116.2 - IT 2,ACC2,265.71,13147,115,72
120234596041570151,VIDEO - Hyp 109 - IT 2,ACC2,278.73,14877,180,98
120234596193900151,VIDEO - Hyp 116 - IT 1,ACC2,1192.64,61718,610,352
120234867275630151,VIDEO - Hyp 119.0 - IT 1,ACC2,4172.84,223254,2381,1509
120234868374130151,VIDEO - Hyp 94.3 - IT 4,ACC2,1111.88,65017,499,278
120235040577480151,IMAGE - Hyp 111.2 - IT 2,ACC2,2057.24,145012,1223,611
120235216817030151,VIDEO - Hyp 116.2 - IT 1,ACC2,125.54,6423,57,30
120235753745940151,IMAGE - Hyp 111.2 - IT 1,ACC2,486.58,28927,221,104
120235753906080151,VIDEO - Hyp 119.2.2 - IT 3,ACC2,405.58,27144,218,117
120236227856280151,VIDEO - Hyp 119.3 - IT 2,ACC2,763.48,38032,896,804
120236228051370151,VIDEO - Hyp 21.1 - IT 1,ACC2,213.61,12085,89,48
120236508757750151,VIDEO - Hyp 100.3 - IT 1,ACC2,3238.93,164487,2904,2531
120236508783530151,VIDEO - Hyp 100.3 - IT 2,ACC2,228.43,13551,103,72
120237933539510151,VIDEO - Hyp 118.1.3 - IT 3,ACC2,2469.83,130653,1498,1045
120238084014300151,VIDEO - Hyp 118 - IT 1,ACC2,1219.2,70480,841,635
120238379874650151,VIDEO - Hyp 118.2 - IT 2,ACC2,2328.79,127339,1793,1352
120238379907890151,VIDEO - Hyp 118.1.3 - IT 3,ACC2,162.26,9725,177,148
120214629636360277,VIDEO - Hyp 90.4 - IT 2,ACC3,210.16,14024,81,48
120214629636370277,VIDEO - Hyp 90.4 - IT 1,ACC3,830.29,62969,438,198
120214739636490277,VIDEO - Hyp 68.4 - IT 2,ACC3,1706.55,145693,894,480
120214739636500277,VIDEO - Hyp 68.4 - IT 3,ACC3,134.38,14883,66,39
120214739637040277,VIDEO - Hyp 68.4 - IT 1,ACC3,1843.72,143527,1582,939
120214816290890277,VIDEO - Hyp 90.4 - IT 1,ACC3,740.68,45333,365,167
120214816299510277,VIDEO - Hyp 90.4 - IT 2,ACC3,318.99,17131,113,50
120214817445040277,VIDEO - Hyp 90.5 - IT 1,ACC3,353.85,62757,224,127
120214817445050277,VIDEO - Hyp 90.4 - IT 1,ACC3,1630.46,111447,680,541
120214817677990277,VIDEO - Hyp 86.1 - IT 1,ACC3,4453.45,199047,1629,641
120214889040320277,VIDEO - Hyp 86.1 - IT 1,ACC3,181.64,8239,38,20
120214889040330277,VIDEO - Hyp 86.1 - IT 4,ACC3,700.96,32853,205,100
120214889040340277,VIDEO - Hyp 86.1 - IT 2,ACC3,2174.11,182973,1075,741
120214971161140277,VIDEO - Hyp 39.2 - IT 2,ACC3,818.86,40852,307,172
120214971161150277,VIDEO - Hyp 39.2 - IT 1,ACC3,251.24,21211,100,58
120214971161170277,VIDEO - Hyp 39.2 - IT 3,ACC3,2556.15,149682,932,429
120214971330920277,VIDEO - Hyp 90.3 - IT 1,ACC3,2048.84,97058,827,439
120215096922090277,VIDEO - Hyp 54 - IT 2,ACC3,398.89,21992,168,101
120215096922100277,VIDEO - Hyp 54 - IT 1,ACC3,130.26,8487,65,27
120215096969520277,VIDEO - Hyp 54 - IT 1,ACC3,631.32,45979,328,200
120215097250050277,VIDEO - Hyp 90.5 - IT 1,ACC3,3419.28,291935,1415,832
120215097250100277,VIDEO - Hyp 90.3 - IT 1,ACC3,1300.25,111169,624,361
120215097250110277,VIDEO - Hyp 86.1 - IT 2,ACC3,197.23,17897,92,82
120215097250120277,VIDEO - Hyp 54 - IT 1,ACC3,403.26,28137,178,87
120215097250190277,VIDEO - Hyp 86.1 - IT 4,ACC3,156.37,14856,65,57
120215097250210277,VIDEO - Hyp 54 - IT 2,ACC3,128.45,9532,65,45
120215122332310277,VIDEO - Hyp 97 - IT 2,ACC3,256.79,14443,101,60
120215122332320277,VIDEO - Hyp 97 - IT 1,ACC3,2110.18,194398,1482,997
120215122340920277,VIDEO - Hyp 97 - IT 2.2,ACC3,81.13,4890,26,16
120215122345720277,VIDEO - Hyp 97 - IT 3,ACC3,6.72,539,6,3
120215122398270277,VIDEO - Hyp 99 - IT 2,ACC3,170.33,6332,50,22
120215122398280277,VIDEO - Hyp 99 - IT 1,ACC3,1168.57,143376,883,413
120215122407360277,VIDEO - Hyp 99 - IT 3,ACC3,1758.05,83621,470,239
120215122427790277,VIDEO - Hyp 99 - IT 1,ACC3,671.41,37608,231,161
120215122427800277,VIDEO - Hyp 99 - IT 2,ACC3,235.59,14387,79,54
120215122448350277,VIDEO - Hyp 99 - IT 3,ACC3,1754.47,111889,575,375
120215122540110277,VIDEO - Hyp 68.4 - IT 3,ACC3,315.57,17971,105,90
120215122540120277,VIDEO - Hyp 68.4 - IT 2,ACC3,2326.43,184852,1496,1307
120215122540140277,VIDEO - Hyp 68.4 - IT 1,ACC3,3969.1,440921,4740,4214
120215122581790277,VIDEO - Hyp 99 - IT 3,ACC3,809.44,62966,303,196
120215122581800277,VIDEO - Hyp 99 - IT 1,ACC3,513.63,34188,201,98
120215122581810277,VIDEO - Hyp 99 - IT 2,ACC3,1195.5,46156,295,204
120215122647690277,VIDEO - Hyp 97 - IT 3,ACC3,1862.29,163659,1214,946
120215122647700277,VIDEO - Hyp 97 - IT 1,ACC3,2188.4,175324,1541,1339
120215122647720277,VIDEO - Hyp 97 - IT 2.1,ACC3,485.91,36928,162,104
120215122657140277,VIDEO - Hyp 97 - IT 2,ACC3,607.4,24270,235,179
120215122688970277,VIDEO - Hyp 98 - IT 1,ACC3,625.0,44752,284,238
120215177711970277,VIDEO - Hyp 97 - IT 1,ACC3,2996.99,226779,1710,1005
120215177711980277,VIDEO - Hyp 97 - IT 2.1,ACC3,34.64,2591,13,8
120215177711990277,VIDEO - Hyp 97 - IT 2,ACC3,5.6,413,1,1
120215177734540277,VIDEO - Hyp 97 - IT 3,ACC3,7.9,756,5,3
120215177753950277,VIDEO - Hyp 97 - IT 1,ACC3,2624.65,264146,1470,869
120215177753960277,VIDEO - Hyp 97 - IT 2,ACC3,11.96,1194,2,1
120215177780070277,VIDEO - Hyp 97 - IT 2.1,ACC3,49.86,5754,37,19
120215177782480277,VIDEO - Hyp 97 - IT 3,ACC3,46.75,4854,19,13
120215177861890277,VIDEO - Hyp 97 - IT 1,ACC3,2950.75,271910,1648,965
120215177861910277,VIDEO - Hyp 97 - IT 2,ACC3,287.8,21271,141,81
120215177861920277,VIDEO - Hyp 97 - IT 2.2,ACC3,216.34,16120,95,49
120215177887330277,VIDEO - Hyp 97 - IT 3,ACC3,311.89,35864,155,94
120215177969610277,VIDEO - Hyp 98 - IT 1,ACC3,3570.33,172612,1000,572
120215299272440277,VIDEO - Hyp 97 - IT 1,ACC3,3901.68,291811,2648,2335
120215299284630277,VIDEO - Hyp 97 - IT 2,ACC3,1183.54,69948,551,464
120215299287720277,VIDEO - Hyp 97 - IT 2.1,ACC3,177.8,8993,44,35
120215347813200277,VIDEO - Hyp 97 - IT 1,ACC3,1893.42,153530,987,732
120215347834080277,VIDEO - Hyp 97 - IT 2,ACC3,2.83,196,1,0
120215347835720277,VIDEO - Hyp 97 - IT 3,ACC3,16.29,1785,8,4
120215347837120277,VIDEO - Hyp 97 - IT 2.2,ACC3,7.91,801,5,3
120215347845780277,VIDEO - Hyp 98 - IT 1,ACC3,483.34,33554,172,93
120215349633900277,VIDEO - Hyp 90.5 - IT 1,ACC3,1291.29,58402,469,315
120215349633920277,VIDEO - Hyp 68.4 - IT 2,ACC3,261.06,17904,137,100
120215349633940277,VIDEO - Hyp 97 - IT 2,ACC3,383.25,15723,148,128
120215349633950277,VIDEO - Hyp 68.4 - IT 3,ACC3,450.51,22217,148,97
120215349633960277,VIDEO - Hyp 99 - IT 2,ACC3,473.86,27211,191,105
120215349634110277,VIDEO - Hyp 97 - IT 1,ACC3,980.71,66757,594,516
120215349634120277,VIDEO - Hyp 97 - IT 2.1,ACC3,413.37,19125,130,109
120215349634130277,VIDEO - Hyp 99 - IT 3,ACC3,338.89,15042,97,50
120215349634140277,VIDEO - Hyp 68.4 - IT 1,ACC3,1188.09,84735,844,711
120215423706370277,VIDEO - Hyp 97 - IT 2.2,ACC3,118.66,6995,38,18
120215423706390277,VIDEO - Hyp 97 - IT 2,ACC3,2132.27,93283,677,356
120215423706400277,VIDEO - Hyp 97 - IT 3,ACC3,225.21,21462,106,60
120215578390500277,VIDEO - Hyp 96 - IT 1,ACC3,2179.99,119920,737,415
120215578390510277,VIDEO - Hyp 96 - IT 2,ACC3,135.16,7976,45,24
120215578390520277,VIDEO - Hyp 96 - IT 3,ACC3,348.74,16028,98,52
120215578462940277,VIDEO - Hyp 96 - IT 1,ACC3,156.49,10611,46,35
120215578462960277,VIDEO - Hyp 96 - IT 3,ACC3,2133.2,137422,715,524
120215578462970277,VIDEO - Hyp 96 - IT 2,ACC3,2491.1,141558,892,629
120215748484830277,VIDEO - Hyp 96 - IT 3,ACC3,106.15,5303,27,17
120215748484840277,VIDEO - Hyp 96 - IT 1,ACC3,715.63,36296,217,123
120215748484850277,VIDEO - Hyp 96 - IT 2,ACC3,143.77,8545,32,16
120215923428610277,VIDEO - Hyp 95 - IT 1,ACC3,281.62,12525,70,36
120215923511490277,VIDEO - Hyp 95 - IT 1,ACC3,287.6,16146,107,62
120215923567870277,VIDEO - Hyp 95 - IT 1,ACC3,812.93,40338,304,149
120215923582540277,VIDEO - Hyp 101 - IT 1,ACC3,311.0,20999,164,127
120215923594470277,VIDEO - Hyp 101 - IT 2,ACC3,126.15,7919,53,36
120215923643410277,VIDEO - Hyp 101 - IT 1,ACC3,1396.27,102133,1337,1237
120215923643430277,VIDEO - Hyp 101 - IT 2,ACC3,273.91,14265,124,102
120215923654040277,VIDEO - Hyp 95 - IT 1,ACC3,280.73,13956,81,62
120216186893250277,VIDEO - Hyp 90.4 - IT 1,ACC3,373.0,12768,94,50
120216187098580277,VIDEO - Hyp 90.4 - IT 2,ACC3,102.44,4552,37,26
120216188390960277,VIDEO - Hyp 96 - IT 1,ACC3,1652.05,84351,697,572
120211642127630461,VIDEO - Hyp 68.4 - IT 1,ACC4,3046.12,287098,2858,1450
120211642127640461,VIDEO - Hyp 68.3 - IT 2,ACC4,414.55,24452,198,129
120211642127650461,VIDEO - Hyp 68.3 - IT 3,ACC4,8.07,447,3,2
120212195947090461,VIDEO - Hyp 90.3 - IT 1,ACC4,1415.84,81594,869,476
120212392906390461,VIDEO - Hyp 90.4 - IT 1,ACC4,2522.47,135096,1596,704
120212392930500461,VIDEO - Hyp 90.4 - IT 2,ACC4,1147.38,49913,455,275
120212392938640461,VIDEO - Hyp 90.5 - IT 1,ACC4,1794.22,106471,879,555
120212392956910461,VIDEO - Hyp 90.6 - IT 1,ACC4,452.35,21643,176,122
120212392971280461,VIDEO - Hyp 90.6 - IT 2,ACC4,134.22,6207,55,37
120212525734580461,VIDEO - Hyp 86.1 - IT 1,ACC4,862.6,39606,513,362
120212531700250461,VIDEO - Hyp 90.4 - IT 1,ACC4,1386.79,68923,588,281
120212531946230461,VIDEO - Hyp 90.4 - IT 2,ACC4,1121.54,63250,298,200
120212531963910461,VIDEO - Hyp 53 - IT 2,ACC4,468.68,15080,150,83
120212531975570461,VIDEO - Hyp 53 - IT 4,ACC4,1449.42,70878,457,273
120212531982720461,VIDEO - Hyp 53 - IT 3,ACC4,149.74,6380,51,29
120212532160470461,VIDEO - Hyp 90.4 - IT 1,ACC4,3513.55,183546,1463,891
120212532160480461,VIDEO - Hyp 90.4 - IT 2,ACC4,1330.79,47176,389,302
120212631250490461,VIDEO - Hyp 86.1 - IT 1,ACC4,264.73,12885,236,95
120212631282570461,VIDEO - Hyp 86.1 - IT 2,ACC4,265.34,8603,70,44
120212631342680461,VIDEO - Hyp 39.2 - IT 1,ACC4,437.5,17737,140,70
120212631387210461,VIDEO - Hyp 39.2 - IT 2,ACC4,2057.62,109792,838,526
120212631393680461,VIDEO - Hyp 39.2 - IT 3,ACC4,293.25,12739,96,59
120212739485750461,VIDEO - Hyp 53 - IT 1,ACC4,236.9,11250,76,46
120212837861650461,VIDEO - Hyp 68.4 - IT 3,ACC4,16.17,1192,3,2
120212837861660461,VIDEO - Hyp 68.4 - IT 2,ACC4,1672.95,126205,615,403
120212837861670461,VIDEO - Hyp 68.4 - IT 1,ACC4,2917.74,327810,2156,1273
120212837900500461,VIDEO - Hyp 68.3 - IT 3,ACC4,2428.14,270651,1322,842
120212837900510461,VIDEO - Hyp 68.3 - IT 2,ACC4,24.74,1911,16,9
120212838287530461,VIDEO - Hyp 68.4 - IT 1,ACC4,2804.88,245484,1730,1175
120212838348640461,VIDEO - Hyp 68.4 - IT 2,ACC4,199.96,15866,83,50
120212838358640461,VIDEO - Hyp 68.4 - IT 3,ACC4,9.52,177,3,3
120212838693630461,VIDEO - Hyp 90.4 - IT 1,ACC4,1806.51,105269,800,402
120212838802300461,VIDEO - Hyp 90.4 - IT 2,ACC4,644.68,26129,165,99
120212838808800461,VIDEO - Hyp 90.3 - IT 1,ACC4,723.74,55947,310,188
120212873121670461,VIDEO - Hyp 90.4 - IT 1,ACC4,375.35,20817,154,85
120212873121680461,VIDEO - Hyp 86.1 - IT 1,ACC4,789.58,31553,405,348
120212873121730461,VIDEO - Hyp 90.4 - IT 2,ACC4,38.6,2546,18,12
120212873121740461,VIDEO - Hyp 39.2 - IT 2,ACC4,359.66,17554,150,119
120212873242070461,VIDEO - Hyp 90.4 - IT 1,ACC4,579.4,33432,282,166
120212873242080461,VIDEO - Hyp 90.3 - IT 1,ACC4,352.22,32012,151,83
120212873242110461,VIDEO - Hyp 90.4 - IT 2,ACC4,144.92,9855,48,29
120212983961840461,VIDEO - Hyp 54 - IT 2,ACC4,361.08,16830,211,115
120212984015450461,VIDEO - Hyp 97 - IT 2,ACC4,641.77,33827,458,187
120212984015460461,VIDEO - Hyp 97 - IT 1,ACC4,2025.53,201213,1200,747
120212984030490461,VIDEO - Hyp 97 - IT 2.1,ACC4,36.32,2450,19,13
120212984036480461,VIDEO - Hyp 97 - IT 3,ACC4,983.87,49766,532,322
120212984074470461,VIDEO - Hyp 99 - IT 1,ACC4,3577.42,218347,3827,1297
120212984143720461,VIDEO - Hyp 99 - IT 3,ACC4,630.69,27406,217,114
120212984175280461,VIDEO - Hyp 86.1 - IT 4,ACC4,90.58,2389,24,14
120212984557220461,VIDEO - Hyp 97 - IT 1,ACC4,3077.77,286658,1612,910
120212984557230461,VIDEO - Hyp 97 - IT 2,ACC4,1132.54,48912,409,278
120212984574410461,VIDEO - Hyp 97 - IT 2.2,ACC4,253.64,14408,86,53
120212984581050461,VIDEO - Hyp 97 - IT 3,ACC4,0.26,20,0,0
120212984661920461,VIDEO - Hyp 86.1 - IT 4,ACC4,2525.77,92354,941,687
120212984817470461,VIDEO - Hyp 99 - IT 1,ACC4,2532.42,138947,1120,772
120212984831270461,VIDEO - Hyp 99 - IT 3,ACC4,230.96,10374,106,84
120213016136350461,VIDEO - Hyp 97 - IT 1,ACC4,956.46,118762,606,359
120213016136370461,VIDEO - Hyp 97 - IT 2,ACC4,19.69,553,7,4
120213016153300461,VIDEO - Hyp 97 - IT 2.1,ACC4,206.86,9535,64,41
120213016166300461,VIDEO - Hyp 97 - IT 3,ACC4,234.43,13540,75,43
120213016207260461,VIDEO - Hyp 99 - IT 1,ACC4,1171.84,88038,447,274
120213016231960461,VIDEO - Hyp 99 - IT 2,ACC4,182.45,17919,75,43
120213016252010461,VIDEO - Hyp 99 - IT 3,ACC4,66.58,4625,26,11
120213016326090461,VIDEO - Hyp 97 - IT 1,ACC4,1723.96,149276,943,578
120213016326110461,VIDEO - Hyp 97 - IT 2.1,ACC4,227.68,8448,69,45
120213016387980461,VIDEO - Hyp 97 - IT 2,ACC4,397.02,15149,121,79
120213016456280461,VIDEO - Hyp 97 - IT 3,ACC4,399.02,17843,151,110
120213016553060461,VIDEO - Hyp 99 - IT 1,ACC4,4458.69,226414,1860,1290
120213016576770461,VIDEO - Hyp 99 - IT 2,ACC4,545.95,30600,267,143
120213016599560461,VIDEO - Hyp 99 - IT 3,ACC4,1067.49,41535,304,191
120213017111420461,VIDEO - Hyp 86.1 - IT 5,ACC4,676.37,19983,221,151
120213017209330461,VIDEO - Hyp 97 - IT 3,ACC4,2918.43,250937,1301,765
120213017209340461,VIDEO - Hyp 97 - IT 1,ACC4,534.09,68635,538,213
120213017209350461,VIDEO - Hyp 97 - IT 2,ACC4,284.41,14803,113,70
120213017304400461,VIDEO - Hyp 97 - IT 2.1,ACC4,268.27,14785,102,52
120213090615530461,VIDEO - Hyp 99 - IT 1,ACC4,1048.19,85553,470,270
120213090615570461,VIDEO - Hyp 99 - IT 2,ACC4,303.54,22801,117,71
120213090626040461,VIDEO - Hyp 99 - IT 3,ACC4,1792.73,86185,608,388
120213090710300461,VIDEO - Hyp 97 - IT 2,ACC4,228.76,9430,75,47
120213090710310461,VIDEO - Hyp 97 - IT 1,ACC4,2230.94,186926,1013,599
120213090730040461,VIDEO - Hyp 97 - IT 2.1,ACC4,352.23,12854,108,66
120213090802910461,VIDEO - Hyp 97 - IT 3,ACC4,380.98,23459,157,99
120213090830640461,VIDEO - Hyp 98 - IT 1,ACC4,359.81,22969,144,97
120213297853120461,VIDEO - Hyp 68.3 - IT 1,ACC4,430.65,34766,134,72
120213297853130461,VIDEO - Hyp 68.3 - IT 3,ACC4,1993.42,127694,901,585
120213297853150461,VIDEO - Hyp 68.3 - IT 2,ACC4,26.22,1299,13,7
120213298855150461,VIDEO - Hyp 68.3 - IT 2,ACC4,49.33,2606,18,11
120213298855170461,VIDEO - Hyp 68.3 - IT 3,ACC4,2728.94,208472,1226,704
120213298855180461,VIDEO - Hyp 68.3 - IT 1,ACC4,462.49,39022,177,104
120213299080020461,VIDEO - Hyp 97 - IT 1,ACC4,471.8,47035,214,138
120213299080040461,VIDEO - Hyp 97 - IT 3,ACC4,0.0,1,0,0
120213299080050461,VIDEO - Hyp 97 - IT 2,ACC4,0.08,2,0,0
120213299163670461,VIDEO - Hyp 99 - IT 3,ACC4,66.12,2976,33,23
120213299163680461,VIDEO - Hyp 99 - IT 1,ACC4,311.51,19982,134,77
120213299163700461,VIDEO - Hyp 99 - IT 2,ACC4,93.57,3838,59,35
120213300334680461,VIDEO - Hyp 98 - IT 1,ACC4,2451.27,114642,760,544
120213300334800461,VIDEO - Hyp 99 - IT 2,ACC4,237.41,10648,96,58
120213300334810461,VIDEO - Hyp 90.4 - IT 1,ACC4,5712.34,294926,2212,1326
120213300334820461,VIDEO - Hyp 90.4 - IT 2,ACC4,370.83,21610,155,98
120213300334840461,VIDEO - Hyp 68.3 - IT 2,ACC4,901.27,51041,275,179
120214099800990238,VIDEO - Hyp 68.3 - IT 1,ACC5,1229.15,109374,850,412
120214197961220238,VIDEO - Hyp 90.3 - IT 1,ACC5,2283.41,136022,1549,872
120214198072480238,VIDEO - Hyp 53 - IT 1,ACC5,1241.85,68913,687,379
120214198106810238,VIDEO - Hyp 53 - IT 2,ACC5,452.03,25378,251,156
120214198133070238,VIDEO - Hyp 53 - IT 3,ACC5,516.97,31118,257,163
120214198142160238,VIDEO - Hyp 53 - IT 4,ACC5,151.93,9568,79,49
120214937035550238,VIDEO - Hyp 90.4 - IT 1,ACC5,297.21,18755,167,106
120214937043690238,VIDEO - Hyp 90.4 - IT 2,ACC5,241.09,12116,99,80
120214937086120238,VIDEO - Hyp 54 - IT 1,ACC5,865.59,34769,362,282
120214937216870238,VIDEO - Hyp 54 - IT 2,ACC5,269.08,12599,161,130
120214937352120238,VIDEO - Hyp 97 - IT 1,ACC5,4471.32,329434,2229,1558
120214937352140238,VIDEO - Hyp 97 - IT 2,ACC5,230.06,11326,109,74
120214937360620238,VIDEO - Hyp 97 - IT 2.2,ACC5,252.7,14214,151,133
120214937368080238,VIDEO - Hyp 97 - IT 3,ACC5,7.56,533,6,3
120214937463450238,VIDEO - Hyp 90.3 - IT 1,ACC5,818.23,58497,726,361
120215147063360238,VIDEO - Hyp 90.4 - IT 2,ACC5,656.43,39387,273,187
120215147063440238,VIDEO - Hyp 90.3 - IT 1,ACC5,2118.91,130048,1001,594
120215147063450238,VIDEO - Hyp 90.4 - IT 1,ACC5,189.18,14166,92,43
120215229710190238,VIDEO - Hyp 99 - IT 3,ACC5,134.55,8154,96,49
120215229710200238,VIDEO - Hyp 99 - IT 2,ACC5,178.65,10515,138,80
120215229730020238,VIDEO - Hyp 97 - IT 1,ACC5,449.1,34660,225,133
120215229743860238,VIDEO - Hyp 97 - IT 2,ACC5,295.67,15610,102,73
120215229751760238,VIDEO - Hyp 97 - IT 2.2,ACC5,437.81,23197,151,102
120215546686630238,VIDEO - Hyp 96 - IT 1,ACC5,403.54,20265,185,147
120215546686640238,VIDEO - Hyp 96 - IT 3,ACC5,62.97,4301,44,44
120215546686660238,VIDEO - Hyp 96 - IT 2,ACC5,136.74,6270,62,55
120215546749290238,VIDEO - Hyp 101 - IT 1,ACC5,2011.79,155473,1199,962
120215546749310238,VIDEO - Hyp 101 - IT 2,ACC5,91.56,4996,48,35
120215546765890238,VIDEO - Hyp 86 - IT 2,ACC5,52.0,2769,30,25
120215546765900238,VIDEO - Hyp 86 - IT 1,ACC5,101.95,4462,44,36
120215546786550238,VIDEO - Hyp 86 - IT 3,ACC5,447.58,19646,309,275
120215546826740238,VIDEO - Hyp 101 - IT 1,ACC5,187.89,12315,127,84
120215546839870238,VIDEO - Hyp 101 - IT 2,ACC5,13.07,647,7,4
120215546852940238,VIDEO - Hyp 101 - IT 1,ACC5,552.9,40323,252,181
120215546862340238,VIDEO - Hyp 101 - IT 2,ACC5,450.1,29068,188,136
120215683157070238,VIDEO - Hyp 97 - IT 1,ACC5,5757.45,404452,4237,2380
120215860840630238,VIDEO - Hyp 95 - IT 1,ACC5,345.28,19137,200,166
120215860865990238,VIDEO - Hyp 95 - IT 1,ACC5,482.25,31967,303,168
120215860893500238,VIDEO - Hyp 95 - IT 1,ACC5,489.84,28888,294,163
120215860924800238,VIDEO - Hyp 95 - IT 1,ACC5,282.02,16997,105,70
120216020833230238,VIDEO - Hyp 99 - IT 1,ACC5,202.52,12321,101,70
120216020833250238,VIDEO - Hyp 99 - IT 2,ACC5,31.99,1625,16,11
120216284440580238,VIDEO - Hyp 97 - IT 1,ACC5,3170.1,269975,2734,1506
120216284579490238,VIDEO - Hyp 97 - IT 2,ACC5,535.2,27384,372,236
120216745845680238,VIDEO - Hyp 96 - IT 2,ACC5,145.64,6077,51,32
120216745845700238,VIDEO - Hyp 96 - IT 3,ACC5,498.63,28801,169,103
120216745845710238,VIDEO - Hyp 96 - IT 1,ACC5,506.83,30013,179,112
120216747718950238,VIDEO - Hyp 68.4 - IT 1,ACC5,157.09,14667,63,39
120216747718970238,VIDEO - Hyp 68.4 - IT 3,ACC5,302.98,17268,86,58
120216747718980238,VIDEO - Hyp 68.4 - IT 2,ACC5,240.66,17623,94,61
120216747769820238,VIDEO - Hyp 97 - IT 3,ACC5,109.64,7685,36,23
120216747769830238,VIDEO - Hyp 97 - IT 2,ACC5,14.01,743,4,1
120216747769840238,VIDEO - Hyp 97 - IT 1,ACC5,1495.57,99281,521,368
120216747828040238,VIDEO - Hyp kris - IT 1,ACC5,277.24,18846,104,63
120216748006280238,IMAGE - Hyp 105 - IT 1,ACC5,133.13,8394,42,25
120216748117170238,IMAGE - Hyp 105 - IT 2,ACC5,358.17,43547,240,142
120216748159250238,IMAGE - Hyp 105 - IT 3,ACC5,1396.6,96003,461,234
120216748262010238,VIDEO - Hyp 39.3 - IT 1,ACC5,195.55,11461,81,61
120216748379550238,VIDEO - Hyp 39.3 - IT 2,ACC5,364.74,29322,156,114
120216748647140238,VIDEO - Hyp 39.3 - IT 3,ACC5,304.46,21664,117,95
120216897329970238,VIDEO - Hyp 30 OFF - IT 1,ACC5,372.12,17894,126,99
120216910886750238,VIDEO - Hyp 53.1 - IT 1,ACC5,278.59,17333,122,103
120216910989340238,VIDEO - Hyp 53.1 - IT 2,ACC5,235.67,21957,105,62
120216911003080238,VIDEO - Hyp 53.1 - IT 3,ACC5,119.07,9025,48,42
120216911010960238,VIDEO - Hyp 53.1 - IT 4,ACC5,178.32,14051,78,57
120217096695730238,VIDEO - Hyp 70 - IT 1,ACC5,297.64,21259,117,67
120217096695740238,VIDEO - Hyp 70 - IT 3,ACC5,395.84,28836,264,136
120217096695750238,VIDEO - Hyp 70 - IT 2,ACC5,1091.61,71817,469,234
120217096734340238,VIDEO - Hyp 94 - IT 2,ACC5,127.99,10373,51,23
120217096734350238,VIDEO - Hyp 94 - IT 1,ACC5,391.24,25850,149,106
120217352322600238,VIDEO - Hyp 68.5 - IT 1,ACC5,127.3,5741,38,22
120217352322620238,VIDEO - Hyp 68.5 - IT 2,ACC5,211.73,10967,62,36
120217352599760238,VIDEO - Hyp 68.5 - IT 3,ACC5,193.99,12711,87,52
120217591135160238,VIDEO - Hyp 97.1 - IT 2,ACC5,242.5,13060,84,55
120217591135170238,VIDEO - Hyp 97.1 - IT 1,ACC5,309.56,22808,145,98
120217591135190238,VIDEO - Hyp 97.1 - IT 3,ACC5,698.92,32092,207,164
120217730757730238,VIDEO - Hyp 90.4 - IT 2,ACC5,110.15,4639,37,30
120217730757750238,VIDEO - Hyp 90.4 - IT 1,ACC5,118.24,9717,47,38
120217730878920238,IMAGE - Hyp 105 - IT 4,ACC5,432.76,24442,130,62
120217730907600238,IMAGE - Hyp 105 - IT 5,ACC5,280.47,21720,93,50
120217730940980238,IMAGE - Hyp 105 - IT 6,ACC5,679.73,27616,133,66
120217731037970238,VIDEO - DCO - Hyp 68.4 - Hyp 97 - Hyp 96 - Hyp 90.4,ACC5,0.3,9,0,0
120217734131060238,VIDEO - DCO - Hyp 68.4 - Hyp 97 - Hyp 96 - Hyp 90.4,ACC5,414.76,21230,160,110
120217936300710238,VIDEO - Hyp 92 - IT 1,ACC5,129.7,9758,41,31
120217936381820238,VIDEO - Hyp 92 - IT 2,ACC5,147.61,5551,32,20
120217936390530238,VIDEO - Hyp 92 - IT 3,ACC5,554.16,40299,213,145
120217936486030238,VIDEO - Hyp 107 - IT 1,ACC5,127.3,7251,49,34
120217936486050238,VIDEO - Hyp 107 - IT 3,ACC5,104.53,4892,37,23
120217936486060238,VIDEO - Hyp 107 - IT 2,ACC5,782.18,42952,290,223
120218029859720238,IMAGE - Hyp 106 - IT 1,ACC5,120.55,5988,52,16
120218029874670238,IMAGE - Hyp 106 - IT 2,ACC5,176.93,9872,58,24
120218029896540238,IMAGE - Hyp 106 - IT 3,ACC5,466.38,21978,190,81
120218116871060238,VIDEO - Hyp 89 - IT 1,ACC5,708.62,31223,299,153
120218160733980238,VIDEO - Hyp 103 - IT 1,ACC5,109.29,3825,36,17
120218160733990238,VIDEO - Hyp 103 - IT 2,ACC5,376.17,15948,151,117
120218160866710238,VIDEO - Hyp 101 - IT 2,ACC5,205.07,9886,56,32
120218160866720238,VIDEO - Hyp 94 - IT 2,ACC5,545.34,25633,160,106
120218160866730238,VIDEO - Hyp 101 - IT 1,ACC5,550.39,28195,198,161
120218160867240238,VIDEO - Hyp 94 - IT 1,ACC5,139.31,5028,32,21
120218161231610238,VIDEO - Hyp 97 - IT 2,ACC5,427.21,22883,167,101
120212430144720436,VIDEO - Hyp 90.4 - IT 2,ACC6,1630.23,122158,1149,561
120212944919500436,VIDEO - Hyp 97 - IT 1,ACC6,3820.38,331811,1671,1118
120212945048040436,VIDEO - Hyp 97 - IT 2,ACC6,411.98,22861,155,88
120212945051990436,VIDEO - Hyp 97 - IT 3,ACC6,0.48,75,0,0
120212945064170436,VIDEO - Hyp 99 - IT 1,ACC6,423.61,26726,140,71
120212945064180436,VIDEO - Hyp 99 - IT 3,ACC6,490.47,18619,117,76
120212945064190436,VIDEO - Hyp 99 - IT 2,ACC6,240.34,10846,98,58
120212945101720436,VIDEO - Hyp 97 - IT 1,ACC6,464.16,40697,185,119
120212945138430436,VIDEO - Hyp 97 - IT 2,ACC6,116.4,5644,51,31
120212945141430436,VIDEO - Hyp 97 - IT 3,ACC6,261.03,17643,104,74
120212945169870436,VIDEO - Hyp 99 - IT 1,ACC6,420.46,26847,196,103
120212945169880436,VIDEO - Hyp 99 - IT 3,ACC6,554.81,23173,178,120
120212945169900436,VIDEO - Hyp 99 - IT 2,ACC6,180.7,8530,70,45
120212945223210436,VIDEO - Hyp 99 - IT 1,ACC6,747.31,40114,321,182
120212945237930436,VIDEO - Hyp 99 - IT 2,ACC6,123.86,4564,48,28
120212945245130436,VIDEO - Hyp 99 - IT 3,ACC6,296.79,11094,95,62
120212945273350436,VIDEO - Hyp 97 - IT 3,ACC6,283.28,17134,106,70
120212945273370436,VIDEO - Hyp 97 - IT 1,ACC6,466.55,39960,231,153
120212945273380436,VIDEO - Hyp 97 - IT 2,ACC6,411.83,19615,159,108
120212945336620436,VIDEO - Hyp 97 - IT 1,ACC6,1328.03,106863,578,381
120212945353020436,VIDEO - Hyp 97 - IT 2,ACC6,0.01,7,0,0
120212945359780436,VIDEO - Hyp 97 - IT 3,ACC6,0.35,71,1,1
120212945370120436,VIDEO - Hyp 99 - IT 2,ACC6,189.89,9613,78,36
120212945370130436,VIDEO - Hyp 99 - IT 1,ACC6,396.87,23803,199,91
120212945370150436,VIDEO - Hyp 99 - IT 3,ACC6,226.24,9813,68,48
120212945406150436,VIDEO - Hyp 99 - IT 1,ACC6,362.11,25613,151,84
120212945426090436,VIDEO - Hyp 99 - IT 2,ACC6,172.21,10574,81,51
120212945429780436,VIDEO - Hyp 99 - IT 3,ACC6,282.23,15885,100,64
120212945459850436,VIDEO - Hyp 97 - IT 1,ACC6,460.37,41789,183,109
120212945459870436,VIDEO - Hyp 97 - IT 2,ACC6,72.83,4907,35,21
120212945459880436,VIDEO - Hyp 97 - IT 3,ACC6,279.82,24298,128,85
120212945504920436,VIDEO - Hyp 97 - IT 1,ACC6,1500.47,127181,716,450
120212945524270436,VIDEO - Hyp 97 - IT 2,ACC6,0.21,28,0,0
120212945534640436,VIDEO - Hyp 97 - IT 3,ACC6,1.02,140,0,0
120212945550820436,VIDEO - Hyp 99 - IT 1,ACC6,326.62,23837,147,93
120212945550830436,VIDEO - Hyp 99 - IT 2,ACC6,234.51,15020,124,76
120212945550840436,VIDEO - Hyp 99 - IT 3,ACC6,256.73,14732,108,69
120212945599040436,VIDEO - Hyp 99 - IT 1,ACC6,412.41,28955,185,109
120212945617340436,VIDEO - Hyp 99 - IT 2,ACC6,145.95,8075,52,34
120212945637800436,VIDEO - Hyp 99 - IT 3,ACC6,263.46,13863,100,66
120212945661600436,VIDEO - Hyp 97 - IT 2,ACC6,590.03,36729,223,141
120212945661610436,VIDEO - Hyp 97 - IT 1,ACC6,2723.65,242471,1375,935
120212945661620436,VIDEO - Hyp 97 - IT 3,ACC6,1.13,136,1,1
120213244713520436,VIDEO - Hyp 101 - IT 1,ACC6,397.24,35135,183,137
120213244713540436,VIDEO - Hyp 101 - IT 2,ACC6,359.11,23185,125,92
120213244903550436,VIDEO - Hyp 101 - IT 1,ACC6,1192.86,115094,686,524
120213244903570436,VIDEO - Hyp 101 - IT 2,ACC6,605.8,32521,224,140
120213244957850436,VIDEO - Hyp 101 - IT 1,ACC6,588.01,46986,262,206
120213245098640436,VIDEO - Hyp 101 - IT 2,ACC6,15.64,1077,8,7
120213245260770436,VIDEO - Hyp 96 - IT 3,ACC6,348.54,18863,146,110
120213245260780436,VIDEO - Hyp 96 - IT 2,ACC6,445.66,20859,163,131
120213245260790436,VIDEO - Hyp 96 - IT 1,ACC6,192.3,9274,75,63
120213246070250436,VIDEO - Hyp 101 - IT 1,ACC6,2004.35,159375,978,739
120213246070260436,VIDEO - Hyp 101 - IT 2,ACC6,92.21,5944,43,26
120213246145230436,VIDEO - Hyp 101 - IT 1,ACC6,1083.05,101378,554,404
120213246145250436,VIDEO - Hyp 101 - IT 2,ACC6,125.98,10053,73,52
120213246267650436,VIDEO - Hyp 101 - IT 2,ACC6,109.99,7470,65,35
120213246267660436,VIDEO - Hyp 101 - IT 1,ACC6,1957.85,163451,1472,883
120213403500740436,VIDEO - Hyp 96 - IT 1,ACC6,207.98,14552,80,57
120213403599780436,VIDEO - Hyp 96 - IT 2,ACC6,126.31,7169,38,25
120213403609950436,VIDEO - Hyp 96 - IT 3,ACC6,208.94,14489,94,58
120213598123480436,VIDEO - Hyp 95 - IT 1,ACC6,252.63,14989,88,65
120213598128110436,VIDEO - Hyp 95 - IT 1,ACC6,249.74,10675,81,69
120213598137140436,VIDEO - Hyp 95 - IT 1,ACC6,247.18,14848,85,69
120213598235540436,VIDEO - Hyp 95 - IT 1,ACC6,247.21,18005,96,61
120213868028960436,VIDEO - Hyp 90.6 - IT 1,ACC6,180.51,10236,59,43
120213868028970436,VIDEO - Hyp 90.6 - IT 2,ACC6,199.75,10359,52,32
120213868095470436,VIDEO - Hyp 90.6 - IT 1,ACC6,176.66,11302,62,41
120213868128080436,VIDEO - Hyp 90.6 - IT 2,ACC6,206.55,11245,62,42
120213868305810436,VIDEO - Hyp 90.6 - IT 2,ACC6,375.69,27654,133,95
120213868366850436,VIDEO - Hyp 90.5 - IT 1,ACC6,1674.51,154907,1359,657
120214005203460436,VIDEO - Hyp 90.4 - IT 1,ACC6,573.17,30362,269,111
120214005253160436,VIDEO - Hyp 90.4 - IT 1,ACC6,209.39,15113,93,46
120214005296620436,VIDEO - Hyp 90.4 - IT 1,ACC6,219.48,17718,99,53
120214069142910436,VIDEO - Hyp 94 - IT 2,ACC6,599.72,46490,207,147
120214069224650436,VIDEO - Hyp 94 - IT 1,ACC6,147.74,11277,60,45
120214069235280436,VIDEO - Hyp 94 - IT 2,ACC6,219.27,18509,89,63
120214069251930436,VIDEO - Hyp 94 - IT 1,ACC6,193.05,17534,90,70
120214069264900436,VIDEO - Hyp 94 - IT 2,ACC6,175.71,16651,85,51
120214244959730436,VIDEO - Hyp 94 - IT 1,ACC6,1709.3,138699,1016,602
120214245239040436,VIDEO - Hyp 94 - IT 2,ACC6,1048.99,93425,773,432
120214250757540436,VIDEO - Hyp 104 - IT 1,ACC6,260.62,18681,81,73
120214250757550436,VIDEO - Hyp 104 - IT 2,ACC6,170.91,11340,38,30
120214250937480436,IMAGE - Hyp 105 - IT 1,ACC6,322.51,15929,72,44
120214250937490436,IMAGE - Hyp 105 - IT 2,ACC6,210.61,19352,107,54
120214250937500436,IMAGE - Hyp 105 - IT 3,ACC6,190.66,15640,72,33
120214251161970436,VIDEO - Hyp 96 - IT 2,ACC6,63.04,4157,28,18
120214251161980436,VIDEO - Hyp 96 - IT 3,ACC6,215.53,16875,116,70
120214251161990436,VIDEO - Hyp 96 - IT 1,ACC6,177.87,13658,72,51
120214251344530436,VIDEO - Hyp 104 - IT 1,ACC6,281.73,21955,95,69
120214251344540436,VIDEO - Hyp 104 - IT 2,ACC6,258.25,13133,85,65
120214338009630436,VIDEO - Hyp 104 - IT 1,ACC6,220.88,9751,43,32
120214346835270436,VIDEO - Hyp 104 - IT 2,ACC6,224.94,7766,44,37
120214404312190436,IMAGE - Hyp 105 - IT 3,ACC6,155.8,7417,34,17
120214404312200436,IMAGE - Hyp 105 - IT 2,ACC6,398.61,19095,112,67
120214404312210436,IMAGE - Hyp 105 - IT 1,ACC6,259.0,10126,59,31
120214504217920436,VIDEO - Hyp 53.1 - IT 4,ACC6,206.55,14175,94,70
120214504217930436,VIDEO - Hyp 53.1 - IT 2,ACC6,138.49,9042,65,55
120214504217950436,VIDEO - Hyp 53.1 - IT 3,ACC6,163.73,9391,48,39
120214504217960436,VIDEO - Hyp 53.1 - IT 1,ACC6,231.24,17824,98,75
120214060732410330,IMAGE - Basement3 - IT 3,ACC7,6.09,360,7,4
120214594491570330,IMAGE - Basement 4.1 - IT 1,ACC7,192.96,11782,75,37
120214594682520330,IMAGE - Basement 4.1 - IT 2,ACC7,93.18,5566,34,20
120214594686630330,IMAGE - Basement 4.1 - IT 3,ACC7,187.83,9491,80,39
120214594692750330,IMAGE - Basement 4.2 - IT 4,ACC7,63.36,4114,28,14
120214594692770330,IMAGE - Basement 4.2 - IT 6,ACC7,905.71,73300,644,291
120214594692780330,IMAGE - Basement 4.2 - IT 5,ACC7,1774.29,134859,1054,439
120214594726590330,IMAGE - Basement 4.3 - IT 8,ACC7,118.11,6125,34,18
120214594726600330,IMAGE - Basement 4.3 - IT 7,ACC7,248.87,11068,72,36
120214594726610330,IMAGE - Basement 4.3 - IT 9,ACC7,1787.1,91449,784,393
120215314158670330,VIDEO - Hyp 97 - IT 1,ACC7,321.07,26262,109,63
120215314298570330,VIDEO - Hyp 97 - IT 2,ACC7,1.37,77,1,1
120215314301630330,VIDEO - Hyp 97 - IT 3,ACC7,21.85,1977,8,6
120215314323950330,VIDEO - Hyp 97 - IT 3,ACC7,13.16,791,7,3
120215314323960330,VIDEO - Hyp 97 - IT 2,ACC7,1.28,57,1,0
120215314323970330,VIDEO - Hyp 97 - IT 1,ACC7,328.07,24083,104,69
120215314747110330,VIDEO - Hyp 97 - IT 2,ACC7,186.67,13882,70,31
120215314747120330,VIDEO - Hyp 97 - IT 3,ACC7,910.56,84166,462,330
120215314747130330,VIDEO - Hyp 97 - IT 1,ACC7,314.14,24033,114,74
120215315071650330,VIDEO - Hyp 97 - IT 1,ACC7,317.09,29309,115,77
120215315071660330,VIDEO - Hyp 97 - IT 3,ACC7,17.59,1335,10,8
120215315071670330,VIDEO - Hyp 97 - IT 2,ACC7,3.85,133,3,3
120215403415570330,VIDEO - Hyp 90.4 - IT 1,ACC7,1133.32,53326,433,263
120215403433020330,VIDEO - Hyp 90.4 - IT 2,ACC7,179.17,9849,46,29
120215403444980330,VIDEO - Hyp 90.4 - IT 1,ACC7,324.86,13052,98,61
120215403445010330,VIDEO - Hyp 90.4 - IT 2,ACC7,65.08,3649,15,8
120215403567440330,VIDEO - Hyp 90.4 - IT 1,ACC7,335.51,26105,161,83
120215403567460330,VIDEO - Hyp 90.4 - IT 2,ACC7,51.56,4265,16,10
120215522694520330,VIDEO - Hyp 90.5 - IT 1,ACC7,211.68,12855,60,41
120215522745310330,VIDEO - Hyp 90.5 - IT 1,ACC7,1102.78,93427,492,306
120215574802180330,VIDEO - Hyp 94 - IT 1,ACC7,333.34,20826,120,80
120215574826760330,VIDEO - Hyp 94 - IT 2,ACC7,564.14,30088,222,176
120215574852310330,VIDEO - Hyp 94 - IT 2,ACC7,504.01,41895,238,190
120215574949900330,VIDEO - Hyp 94 - IT 1,ACC7,604.42,48676,293,207
120215574956980330,VIDEO - Hyp 94 - IT 2,ACC7,164.45,13098,98,78
120215740491390330,VIDEO - Hyp 104 - IT 1,ACC7,149.66,9545,46,32
120215740491400330,VIDEO - Hyp 104 - IT 2,ACC7,155.4,8261,61,43
120215740644090330,VIDEO - Hyp 94 - IT 2,ACC7,196.61,15916,81,65
120215740644110330,VIDEO - Hyp 94 - IT 1,ACC7,265.88,16861,82,56
120215812293760330,VIDEO - Hyp 104 - IT 2,ACC7,133.78,8619,42,26
120215812293770330,VIDEO - Hyp 104 - IT 1,ACC7,164.27,10355,44,28
120215818790010330,IMAGE - Hyp 105 - IT 3,ACC7,187.56,13106,48,30
120215818790020330,IMAGE - Hyp 105 - IT 1,ACC7,434.37,26505,120,87
120215818790030330,IMAGE - Hyp 105 - IT 2,ACC7,157.97,11436,52,27
120215972638510330,VIDEO - Hyp 68.5 - IT 2,ACC7,159.66,10104,58,47
120215972638530330,VIDEO - Hyp 68.5 - IT 3,ACC7,181.5,8290,50,39
120215972638540330,VIDEO - Hyp 68.5 - IT 1,ACC7,128.94,4066,32,19
120215972898210330,VIDEO - Hyp 97.1 - IT 1,ACC7,244.42,15490,99,86
120215972898220330,VIDEO - Hyp 97.1 - IT 2,ACC7,135.39,9108,47,33
120215972898230330,VIDEO - Hyp 97.1 - IT 3,ACC7,223.24,14864,82,53
120215973043500330,VIDEO - Hyp 39.3 - IT 1,ACC7,228.52,10799,60,42
120215973043700330,VIDEO - Hyp 39.3 - IT 2,ACC7,139.88,8325,58,37
120215973043720330,VIDEO - Hyp 39.3 - IT 3,ACC7,232.96,9785,66,42
120215987199080330,VIDEO - Hyp 97.1 - IT 2,ACC7,511.14,35289,209,139
120215987199100330,VIDEO - Hyp 97.1 - IT 1,ACC7,591.13,43530,215,142
120215987402130330,VIDEO - Hyp 97.1 - IT 3,ACC7,122.73,9478,46,39
120215987628530330,IMAGE - Hyp 105 - IT 4,ACC7,348.17,30797,122,74
120215987628540330,IMAGE - Hyp 105 - IT 5,ACC7,191.87,15184,43,30
120215987831250330,VIDEO - Hyp 53.1 - IT 1,ACC7,131.89,8268,56,46
120215988069360330,VIDEO - Hyp 53.1 - IT 2,ACC7,144.6,9630,59,51
120215988103410330,VIDEO - Hyp 53.1 - IT 3,ACC7,147.49,11668,63,48
120215988132800330,VIDEO - Hyp 53.1 - IT 4,ACC7,230.9,20112,92,70
120215988208180330,VIDEO - Hyp 68.5 - IT 3,ACC7,243.09,11786,113,102
120215988208190330,VIDEO - Hyp 68.5 - IT 1,ACC7,158.31,7580,43,28
120215988208200330,VIDEO - Hyp 68.5 - IT 2,ACC7,718.87,31273,208,155
120215988332690330,VIDEO - Hyp 97.1 - IT 1,ACC7,202.04,11322,79,66
120215988332700330,VIDEO - Hyp 97.1 - IT 3,ACC7,171.49,8311,60,47
120215988332710330,VIDEO - Hyp 97.1 - IT 2,ACC7,276.98,16798,83,47
120215988582400330,VIDEO - Hyp 53.1 - IT 3,ACC7,149.07,10799,58,39
120215988582410330,VIDEO - Hyp 53.1 - IT 1,ACC7,146.75,13302,63,43
120215988582420330,VIDEO - Hyp 53.1 - IT 2,ACC7,171.53,14547,88,58
120215988641850330,VIDEO - Hyp 53.1 - IT 4,ACC7,184.95,12673,69,39
120216051909900330,VIDEO - Hyp 39.3 - IT 3,ACC7,149.79,6706,41,29
120216051909910330,VIDEO - Hyp 39.3 - IT 2,ACC7,136.44,6257,37,25
120216051909920330,VIDEO - Hyp 39.3 - IT 1,ACC7,207.75,10771,59,47
120216052026790330,VIDEO - Hyp 68.5 - IT 3,ACC7,138.08,11947,63,35
120216052026800330,VIDEO - Hyp 68.5 - IT 2,ACC7,144.63,11338,69,52
120216052026830330,VIDEO - Hyp 68.5 - IT 1,ACC7,460.5,35652,197,133
120216136680700330,VIDEO - Hyp 68.5 - IT 2,ACC7,154.58,11145,57,50
120216136680710330,VIDEO - Hyp 68.5 - IT 1,ACC7,165.05,13227,76,53
120216136680720330,VIDEO - Hyp 68.5 - IT 3,ACC7,173.26,12338,86,62
120216137305270330,VIDEO - Hyp 53.1 - IT 3,ACC7,887.08,65878,292,209
120216137305290330,VIDEO - Hyp 53.1 - IT 2,ACC7,124.86,4482,24,16
120216137305300330,VIDEO - Hyp 53.1 - IT 1,ACC7,121.5,4991,38,18
120216137430260330,VIDEO - Hyp 53.1 - IT 4,ACC7,104.17,4789,26,23
120216198616740330,VIDEO - Hyp 97.1 - IT 2,ACC7,235.07,11826,95,61
120216198616750330,VIDEO - Hyp 97.1 - IT 1,ACC7,134.84,7163,35,17
120216198616760330,VIDEO - Hyp 97.1 - IT 3,ACC7,147.3,8048,57,48
120216198922470330,VIDEO - Hyp 96 - IT 1,ACC7,191.95,8030,67,53
120216198922490330,VIDEO - Hyp 96 - IT 3,ACC7,171.89,5842,34,23
120216198922500330,VIDEO - Hyp 96 - IT 2,ACC7,572.52,20004,154,111
120216199608990330,VIDEO - Hyp 90.4 - IT 2,ACC7,415.45,15393,114,69
120216199609000330,VIDEO - Hyp 90.4 - IT 1,ACC7,104.53,5496,41,21
120216232453300330,VIDEO - Hyp 97 - IT 1,ACC7,4.22,403,2,2
120216232545870330,VIDEO - Hyp 97 - IT 2,ACC7,0.18,33,0,0
120216232561190330,VIDEO - Hyp 97 - IT 2.1,ACC7,0.02,6,0,0
120216232583210330,VIDEO - Hyp 97 - IT 3,ACC7,1.33,138,0,0
120216324897740330,VIDEO - Hyp 97 - IT 1,ACC7,0.3,28,1,1
120216324897760330,VIDEO - Hyp 97 - IT 2.1,ACC7,0.0,1,0,0
120216324897770330,VIDEO - Hyp 97 - IT 2,ACC7,0.01,2,0,0
120217605230490251,VIDEO - Hyp 90.4 - IT 1,ACC8,97.95,7841,35,22
120217606569680251,VIDEO - Hyp 90.4 - IT 2,ACC8,188.08,12811,65,49
120217608921670251,VIDEO - Hyp 94 - IT 2,ACC8,156.86,11643,56,39
120217608921680251,VIDEO - Hyp 94 - IT 1,ACC8,141.63,11844,39,28
120217608928560251,VIDEO - Hyp 39.3 - IT 3,ACC8,265.62,15270,80,47
120217608928580251,VIDEO - Hyp 39.3 - IT 1,ACC8,108.4,5228,41,35
120217608928600251,VIDEO - Hyp 39.3 - IT 2,ACC8,220.01,10445,50,38
120217608938270251,VIDEO - Hyp 90.4 - IT 1,ACC8,120.91,7054,25,19
120217608984790251,VIDEO - Hyp 90.4 - IT 2,ACC8,173.08,8474,45,34
120217609522340251,VIDEO - Hyp 94 - IT 1,ACC8,127.05,9649,55,38
120217609967910251,VIDEO - Hyp 94 - IT 2,ACC8,254.52,25664,124,85
120217609990940251,VIDEO - Hyp 39.3 - IT 1,ACC8,126.02,7448,40,32
120217610024030251,VIDEO - Hyp 39.3 - IT 2,ACC8,145.61,13484,45,21
120217610053300251,VIDEO - Hyp 39.3 - IT 3,ACC8,241.01,18562,76,57
120217610523780251,VIDEO - Hyp 90.4 - IT 1,ACC8,781.35,37136,237,145
120217610971390251,VIDEO - Hyp 90.4 - IT 2,ACC8,294.88,14076,80,60
120217967725760251,VIDEO - Hyp 94 - IT 2,ACC8,413.85,33014,152,106
120217967725780251,VIDEO - Hyp 94 - IT 1,ACC8,784.51,54283,300,189
120217967830770251,VIDEO - Hyp 39.3 - IT 2,ACC8,101.04,7726,36,24
120217967830780251,VIDEO - Hyp 39.3 - IT 1,ACC8,169.76,10423,75,55
120217967883320251,VIDEO - Hyp 39.3 - IT 3,ACC8,298.72,25884,98,72
120217968009990251,VIDEO - Hyp 94 - IT 1,ACC8,109.58,5573,21,14
120217968010000251,VIDEO - Hyp 94 - IT 2,ACC8,177.93,14134,47,32
120218095896000251,VIDEO - Hyp 90.4 - IT 2,ACC8,140.08,8028,23,16
120218095896030251,VIDEO - Hyp 90.4 - IT 1,ACC8,115.16,6806,29,20
120218095991020251,VIDEO - Hyp 90.4 - IT 1,ACC8,110.05,7923,35,31
120218095991030251,VIDEO - Hyp 90.4 - IT 2,ACC8,178.91,10498,53,34
120218096192300251,VIDEO - DCO - Hyp 39.3 - Hyp 90.4 - Hyp 94,ACC8,1469.96,87565,546,341
120218229109430251,VIDEO - Hyp 94 - IT 1,ACC8,142.07,6782,34,20
120218229109450251,VIDEO - Hyp 94 - IT 2,ACC8,150.11,11310,37,22
120218347907070251,VIDEO - Hyp 97 - IT 1,ACC8,839.12,69179,397,315
120218348041280251,VIDEO - Hyp 97 - IT 2,ACC8,43.68,2832,16,14
120218348633380251,VIDEO - Hyp 107 - IT 2,ACC8,143.33,6749,52,33
120218348633400251,VIDEO - Hyp 107 - IT 1,ACC8,204.45,10343,48,41
120218348633410251,VIDEO - Hyp 107 - IT 3,ACC8,239.77,11058,62,37
120218442440910251,VIDEO - Hyp 92 - IT 2,ACC8,136.03,8979,49,37
120218442441260251,VIDEO - Hyp 92 - IT 1,ACC8,103.32,8815,30,24
120218442503870251,VIDEO - Hyp 92 - IT 3,ACC8,757.24,61235,309,215
120218477320840251,VIDEO - Hyp 97 - IT 2,ACC8,113.02,7398,35,29
120218477320850251,VIDEO - Hyp 97 - IT 1,ACC8,249.91,17164,90,82
120218477377880251,VIDEO - Hyp 97 - IT 3,ACC8,2.39,173,1,1
120218548240810251,IMAGE - Hyp 106 - IT 1,ACC8,178.6,9712,48,28
120218548338510251,IMAGE - Hyp 106 - IT 2,ACC8,414.38,22569,126,60
120218548378300251,IMAGE - Hyp 106 - IT 3,ACC8,137.53,7144,58,20
120218588793020251,VIDEO - Hyp 103 - IT 1,ACC8,174.73,8656,50,35
120218588793030251,VIDEO - Hyp 103 - IT 2,ACC8,112.53,5917,27,17
120218589096780251,VIDEO - Hyp 92 - IT 2,ACC8,170.95,5466,35,25
120218589096790251,VIDEO - Hyp 92 - IT 3,ACC8,126.18,11413,48,32
120218589096860251,VIDEO - Hyp 92 - IT 1,ACC8,126.46,6717,27,23
120218733330110251,VIDEO - Hyp 68.4 - IT 2,ACC8,446.24,18572,107,72
120218733330130251,VIDEO - Hyp 68.4 - IT 1,ACC8,1684.05,118847,675,490
120218733666350251,VIDEO - Hyp 94 - IT 2,ACC8,69.45,3799,21,14
120218733666360251,VIDEO - Hyp 94 - IT 1,ACC8,217.06,10369,55,39
120218733791400251,IMAGE - Hyp 100 - IT 1,ACC8,80.18,3972,9,5
120218733840240251,IMAGE - Hyp 100 - IT 2,ACC8,60.65,5082,28,16
120218733871370251,IMAGE - Hyp 100 - IT 3,ACC8,67.21,5452,27,13
120218733881030251,IMAGE - Hyp 100 - IT 4,ACC8,134.27,12356,83,38
120218733899480251,IMAGE - Hyp 100 - IT 5,ACC8,93.86,5709,19,9
120218733974550251,VIDEO - Hyp 92.1 - IT 2,ACC8,117.46,8515,42,36
120218733974570251,VIDEO - Hyp 92.1 - IT 1,ACC8,74.69,6172,29,21
120218734042440251,VIDEO - Hyp 92.1 - IT 3,ACC8,242.4,14786,96,63
120218793573000251,VIDEO - Hyp 97.1 - IT 1,ACC8,177.66,16364,88,70
120218793573010251,VIDEO - Hyp 97.1 - IT 2,ACC8,15.95,1340,7,6
120218793832130251,IMAGE - Hyp 100 - IT 3,ACC8,114.68,6185,42,28
120218793832140251,IMAGE - Hyp 100 - IT 1,ACC8,102.23,5694,17,8
120218793832150251,IMAGE - Hyp 100 - IT 2,ACC8,40.99,2308,5,2
120218793879810251,IMAGE - Hyp 100 - IT 4,ACC8,30.95,1963,10,6
120218793884600251,IMAGE - Hyp 100 - IT 5,ACC8,143.57,6186,29,18
120218913677750251,VIDEO - Hyp 97.1 - IT 2,ACC8,9.16,710,4,4
120218913677770251,VIDEO - Hyp 97.1 - IT 1,ACC8,161.72,13706,66,48
120219039721340251,VIDEO - Hyp 97.2 - IT 1,ACC8,600.25,49282,280,209
120219039767690251,VIDEO - Hyp 97.2 - IT 2,ACC8,545.08,25619,152,88
120219039804400251,VIDEO - Hyp 97.3 - IT 1,ACC8,912.41,52167,306,244
120219039804410251,VIDEO - Hyp 97.3 - IT 2,ACC8,173.63,7903,47,20
120219039848530251,VIDEO - Hyp 97.3 - IT 3,ACC8,149.11,6178,43,22
120219323598960251,VIDEO - Hyp 97.3 - IT 3,ACC8,265.6,16411,67,43
120219323598970251,VIDEO - Hyp 97.3 - IT 1,ACC8,189.18,15462,96,69
120219323598990251,VIDEO - Hyp 68.4 - IT 1,ACC8,179.08,18317,108,74
120219323599010251,VIDEO - Hyp 68.4 - IT 2,ACC8,93.12,6487,39,27
120219323757020251,VIDEO - Hyp 97.3 - IT 1,ACC8,86.83,6386,45,34
120219323757030251,VIDEO - Hyp 97.3 - IT 3,ACC8,78.86,3753,13,6
120219323757040251,VIDEO - Hyp 68.4 - IT 1,ACC8,87.15,6292,37,22
120219323757050251,VIDEO - Hyp 68.4 - IT 2,ACC8,190.88,9160,50,33
120219323757070251,VIDEO - Hyp 97.3 - IT 2,ACC8,108.32,5822,22,13
120219324126190251,VIDEO - Hyp 68.4 - IT 1,ACC8,133.18,9859,64,36
120219324126200251,VIDEO - Hyp 68.4 - IT 2,ACC8,25.42,1046,6,4
120219324126360251,VIDEO - Hyp 97.3 - IT 2,ACC8,45.37,2846,12,8
120219324126420251,VIDEO - Hyp 97.3 - IT 1,ACC8,89.58,6792,34,23
120219324126440251,VIDEO - Hyp 97.3 - IT 3,ACC8,53.29,3328,12,9
120219324236830251,VIDEO - Hyp 97.3 - IT 1,ACC8,82.36,5584,23,14
120219324236840251,VIDEO - Hyp 97.3 - IT 2,ACC8,179.54,8128,48,25
120219324236860251,VIDEO - Hyp 68.4 - IT 2,ACC8,108.95,6237,39,27
120219324236980251,VIDEO - Hyp 68.4 - IT 1,ACC8,767.8,49989,350,212
120219324237100251,VIDEO - Hyp 97.3 - IT 3,ACC8,229.97,11559,49,35
120219444378670251,VIDEO - Hyp 68.4 - IT 1,ACC8,176.51,12096,96,56
120219444378680251,VIDEO - Hyp 68.4 - IT 2,ACC8,16.05,1045,6,4
120219444390210251,VIDEO - Hyp 97.2 - IT 1,ACC8,197.64,12851,79,42
120219444390230251,VIDEO - Hyp 97.2 - IT 2,ACC8,96.46,6502,25,18
120219444423740251,VIDEO - Hyp 97.2 - IT 2,ACC8,250.66,8124,53,33
120219444515400251,VIDEO - Hyp 68.5 - IT 2,ACC8,175.23,9239,49,30
120216085135580464,VIDEO - Hyp 94 - IT 2,Affiliate,138.83,10246,40,27
120216085135650464,VIDEO - Hyp 94 - IT 1,Affiliate,361.5,13296,78,61
120216087359830464,VIDEO - Hyp 97 - IT 1,Affiliate,181.13,11622,67,43
120216087359840464,VIDEO - Hyp 97 - IT 2,Affiliate,319.84,13101,75,51
120216146428140464,VIDEO - Hyp 94 - IT 1,Affiliate,266.56,14683,82,58
120216146428170464,VIDEO - Hyp 94 - IT 2,Affiliate,106.37,9339,48,34
120216146428210464,VIDEO - Hyp 101 - IT 1,Affiliate,117.66,8235,46,39
120216146428230464,VIDEO - Hyp 101 - IT 2,Affiliate,257.65,15543,103,78
120216146796020464,VIDEO - Hyp 97 - IT 2,Affiliate,11.49,611,4,3
120216146796040464,VIDEO - Hyp 97 - IT 1,Affiliate,391.02,31860,167,118
120216146796070464,VIDEO - Hyp 101 - IT 1,Affiliate,131.31,10008,46,34
120216146796080464,VIDEO - Hyp 101 - IT 2,Affiliate,227.04,14116,84,52
120216147319940464,VIDEO - Hyp 97 - IT 1,Affiliate,120.68,6737,22,15
120216147319980464,VIDEO - Hyp 94 - IT 2,Affiliate,159.63,13078,43,24
120216147319990464,VIDEO - Hyp 97 - IT 2,Affiliate,286.67,10931,80,55
120216147320090464,VIDEO - Hyp 94 - IT 1,Affiliate,239.14,9061,57,42
120216147660950464,VIDEO - Hyp 97 - IT 1,Affiliate,170.7,13439,81,52
120216147660960464,VIDEO - Hyp 97 - IT 2,Affiliate,201.7,11948,76,52
120216147660980464,VIDEO - Hyp 94 - IT 1,Affiliate,129.35,6748,40,29
120216147660990464,VIDEO - Hyp 94 - IT 2,Affiliate,483.25,39781,183,122
120216147847880464,VIDEO - Hyp 94 - IT 1,Affiliate,252.04,9535,50,29
120216147847890464,VIDEO - Hyp 94 - IT 2,Affiliate,144.06,10796,27,15
120216147847910464,VIDEO - Hyp 101 - IT 2,Affiliate,264.71,13451,118,84
120216147847930464,VIDEO - Hyp 101 - IT 1,Affiliate,135.18,9521,68,58
120216148175140464,VIDEO - Hyp 101 - IT 2,Affiliate,253.82,10524,88,58
120216148175170464,VIDEO - Hyp 97 - IT 2,Affiliate,7.34,296,2,2
120216148175180464,VIDEO - Hyp 101 - IT 1,Affiliate,143.33,8847,66,49
120216148175190464,VIDEO - Hyp 97 - IT 1,Affiliate,387.73,22292,164,100
120216150088960464,VIDEO - Hyp 94 - IT 1,Affiliate,247.68,11507,52,33
120216150088970464,VIDEO - Hyp 94 - IT 2,Affiliate,145.71,12125,40,28
120216150088990464,VIDEO - Hyp 97 - IT 2,Affiliate,208.04,8445,50,34
120216150089030464,VIDEO - Hyp 97 - IT 1,Affiliate,170.92,11356,62,49
120216398313940464,VIDEO - Hyp 97 - IT 1,Affiliate,15.86,1012,8,6
120216398313960464,VIDEO - Hyp 97 - IT 2,Affiliate,0.05,5,0,0
120216398604890464,VIDEO - Hyp 101 - IT 1,Affiliate,124.04,7845,52,44
120216398604900464,VIDEO - Hyp 101 - IT 2,Affiliate,117.85,6999,40,22
120216398777010464,VIDEO - Hyp 94 - IT 1,Affiliate,3.96,148,0,0
120216398777020464,VIDEO - Hyp 94 - IT 2,Affiliate,10.11,663,5,2
120216403082490464,VIDEO - Hyp 101 - IT 2,Affiliate,8.49,315,2,2
120216403082500464,VIDEO - Hyp 101 - IT 1,Affiliate,3.28,153,1,1
120216403593220464,VIDEO - Hyp 97 - IT 2,Affiliate,0.01,2,0,0
120216403593240464,VIDEO - Hyp 97 - IT 1,Affiliate,13.42,794,7,5
120216403764470464,VIDEO - Hyp 101 - IT 1,Affiliate,2.56,123,1,1
120216403764480464,VIDEO - Hyp 101 - IT 2,Affiliate,8.35,251,0,0
120216410004370464,VIDEO - Hyp 68.4 - IT 2,Affiliate,120.26,4945,35,26
120216410004380464,VIDEO - Hyp 68.4 - IT 1,Affiliate,125.1,6172,56,35
120225810079520464,VIDEO - Hyp 112.2 - IT 3,Affiliate,202.95,17823,91,58
120225810740700464,VIDEO - Hyp 119.0 - IT 1,Affiliate,232.65,19374,120,69
120225810884450464,VIDEO - Hyp 112.2 - IT 1,Affiliate,43.11,2245,32,27
120225811284710464,VIDEO - Hyp 94.3 - IT 4,Affiliate,427.07,38669,178,102
120225811308900464,VIDEO - Hyp 70.3 - IT 3,Affiliate,76.55,3134,54,47
120225811532780464,IMAGE - Hyp 111.1 - IT 3,Affiliate,91.21,5860,32,15
120225811532790464,VIDEO - Hyp 116.2 - IT 1,Affiliate,104.73,8297,41,27
120225811532810464,VIDEO - Hyp 94.3 - IT 3,Affiliate,33.8,1389,17,14
120225811532820464,VIDEO - Hyp 70.1 - IT 3,Affiliate,378.75,21713,183,143
120225811532830464,IMAGE - Hyp 111.2 - IT 2,Affiliate,81.09,3633,18,14
120225811763000464,IMAGE - Hyp 111.1 - IT 4,Affiliate,12.77,839,2,2
120225811763010464,VIDEO - Hyp 70 - IT 1,Affiliate,122.03,6011,95,42
120225811763030464,VIDEO - Hyp 70.1 - IT 2,Affiliate,88.92,5083,49,46
120225811763040464,VIDEO - Hyp 112.1 - IT 3,Affiliate,106.76,6291,52,40
120225811763050464,VIDEO - Hyp 112.2 - IT 2,Affiliate,157.64,9282,112,83
120225812504120464,VIDEO - Hyp 119.2.2 - IT 3,Affiliate,88.51,6447,35,22
120225812504130464,IMAGE - Hyp 0 Down - IT 4,Affiliate,226.1,12195,72,43
120225812504140464,VIDEO - Hyp 112 - IT 2,Affiliate,153.43,7481,140,133
120225812504150464,IMAGE - Hyp 100.1 - IT 1,Affiliate,193.77,10748,65,46
120225812504170464,VIDEO - Hyp 112 - IT 1,Affiliate,162.97,9188,211,206
120225812862010464,IMAGE - Hyp 111.1 - IT 1,Affiliate,238.79,13060,80,62
120225812862020464,VIDEO - Hyp 68.5 - IT 3,Affiliate,128.99,5933,71,54
120225812862030464,VIDEO - Hyp 94.3 - IT 1,Affiliate,99.87,6363,55,46
120225812862050464,VIDEO - Hyp 70.2 - IT 3,Affiliate,101.24,7271,52,29
120225812862060464,IMAGE - Hyp 100 - IT 1,Affiliate,27.96,1610,10,7
120225813559810464,VIDEO - Hyp 112.1 - IT 2,Affiliate,187.56,8036,187,179
120225813559820464,VIDEO - Hyp 94.2 - IT 1,Affiliate,151.39,6642,92,80
120225813559840464,VIDEO - Hyp 109 - IT 1,Affiliate,82.33,3883,31,21
120225813559850464,IMAGE - Hyp 111.2 - IT 1,Affiliate,85.18,3872,36,31
120225813559860464,VIDEO - Hyp 94.1 - IT 3,Affiliate,308.0,16011,117,81
120225813904120464,VIDEO - Hyp 94 - IT 2,Affiliate,92.2,4879,42,33
120225813904130464,IMAGE - Hyp 100.2 - IT 1,Affiliate,13.49,987,0,0
120225813904140464,VIDEO - Hyp 120.1 - IT 3,Affiliate,388.22,36192,185,118
120225813904160464,VIDEO - Hyp 70 - IT 3,Affiliate,81.7,4230,54,45
120225813904170464,IMAGE - Hyp 111 - IT 5,Affiliate,78.19,4259,27,15
120225814391480464,VIDEO - Hyp 70.2 - IT 2,Affiliate,220.53,12454,95,85
120225814391490464,VIDEO - Hyp 94.2 - IT 2,Affiliate,76.25,3724,85,83
120225814391500464,VIDEO - Hyp 120.2 - IT 2,Affiliate,182.69,11028,158,150
120225814391520464,IMAGE - Hyp 113 - IT 2,Affiliate,82.34,6768,39,34
120225814392220464,VIDEO - Hyp 92.2 - IT 1,Affiliate,71.09,4976,29,23
120225815032700464,VIDEO - Hyp 109 - IT 1,Affiliate,177.44,12115,109,74
120225815032710464,IMAGE - Hyp 111.2 - IT 1,Affiliate,15.78,784,7,6
120225815032720464,VIDEO - Hyp 112.1 - IT 2,Affiliate,75.96,7096,28,17
120225815032740464,VIDEO - Hyp 94.1 - IT 3,Affiliate,90.62,8704,44,31
120225815032750464,VIDEO - Hyp 94.2 - IT 1,Affiliate,39.49,2724,20,19
120225815100990464,VIDEO - Hyp 94.3 - IT 3,Affiliate,43.05,3223,14,13
120225815101730464,IMAGE - Hyp 111.1 - IT 3,Affiliate,85.15,5146,31,15
120225815101740464,VIDEO - Hyp 70.1 - IT 3,Affiliate,114.1,8707,48,31
120225815101750464,VIDEO - Hyp 116.2 - IT 1,Affiliate,216.27,14505,59,34
120225815101760464,IMAGE - Hyp 111.2 - IT 2,Affiliate,197.83,10165,74,51
120225939242750464,IMAGE - Hyp 111.1 - IT 3,Affiliate,73.25,3320,26,17
120225939275810464,VIDEO - Hyp 94.1 - IT 3,Affiliate,236.95,13273,111,83
120225939409610464,VIDEO - Hyp 109 - IT 1,Affiliate,252.73,14274,111,69
120226011513000464,VIDEO - Hyp 112 - IT 1,Affiliate,137.69,4488,45,31
6693840871883,post 1,ACC1,2050.83,0,0,0
6693844246083,"post from Jan 23, 2025",ACC1,2809.16,0,0,0
6693845023283,"post from Jan 21, 2025",ACC1,68.12,0,0,0
6693845175483,"post from Jan 20, 2025",ACC1,2307.19,0,0,0
6693849201683,post 2,ACC1,26.23,0,0,0
6693849516883,post 3,ACC1,327.59,0,0,0
6693857191083,post 4,ACC1,490.79,0,0,0
6693857195883,post 5,ACC1,1776.16,0,0,0
6740131607283,post 2,ACC1,2087.61,0,0,0
6740131607883,post 4,ACC1,2295.21,0,0,0
6740131608083,post 3,ACC1,551.81,0,0,0
6740131608283,post 1,ACC1,5768.35,0,0,0
6740136118683,"post from Mar 25, 2025",ACC1,1.04,0,0,0
6740138478683,"post from Mar 24, 2025",ACC1,4.2,0,0,0
6740157934083,"post from Mar 21, 2025",ACC1,30.01,0,0,0
6779621530683,"post from Mar 19, 2025",ACC1,3845.53,0,0,0
6779621530883,"post from Mar 20, 2025",ACC1,8363.0,0,0,0
6935452415083,post 5 - 28.08,ACC1,2053.41,0,0,0
6942939193483,post 1,ACC1,5386.9,0,0,0
6942939193683,post 4,ACC1,3603.35,0,0,0
6942939194083,post 2,ACC1,2607.88,0,0,0
6942939194283,post 5 - 28.08,ACC1,2008.62,0,0,0
6942950964683,"post from Aug 26, 2025",ACC1,13052.09,0,0,0
6942951946683,"post from Jul 23, 2025",ACC1,587.52,0,0,0
52528311615887,"post from Mar 13, 2026",ACC1,939.2,0,0,0
52528311616087,"post from Jan 8, 2026",ACC1,8.93,0,0,0
52528311616287,"post from Mar 9, 2026",ACC1,25.46,0,0,0
52528311616487,"post from Feb 25, 2026",ACC1,1.4,0,0,0
